epoch (ms),time (01:00),elapsed (s),x-axis (g),y-axis (g),z-axis (g)
1697563346030,2023-10-17T17:22:26.030000,0.0,0.979,-0.066,-0.188
1697563346110,2023-10-17T17:22:26.110000,0.08,0.983,-0.071,-0.185
1697563346190,2023-10-17T17:22:26.190000,0.16,0.98,-0.071,-0.184
1697563346270,2023-10-17T17:22:26.270000,0.24,0.981,-0.07,-0.187
1697563346350,2023-10-17T17:22:26.350000,0.32,0.99,-0.065,-0.184
1697563346430,2023-10-17T17:22:26.430000,0.4,1.008,-0.08,-0.141
1697563346510,2023-10-17T17:22:26.510000,0.48,0.95,-0.064,-0.213
1697563346590,2023-10-17T17:22:26.590000,0.56,0.984,-0.063,-0.161
1697563346670,2023-10-17T17:22:26.670000,0.64,1.001,-0.065,-0.153
1697563346750,2023-10-17T17:22:26.750000,0.72,0.982,-0.075,-0.161
1697563346830,2023-10-17T17:22:26.830000,0.8,0.986,-0.074,-0.151
1697563346910,2023-10-17T17:22:26.910000,0.88,0.993,-0.071,-0.145
1697563346990,2023-10-17T17:22:26.990000,0.96,0.986,-0.073,-0.151
1697563347070,2023-10-17T17:22:27.070000,1.04,1.001,-0.086,-0.117
1697563347150,2023-10-17T17:22:27.150000,1.12,1.015,-0.083,-0.101
1697563347230,2023-10-17T17:22:27.230000,1.2,1.0,-0.081,-0.071
1697563347310,2023-10-17T17:22:27.310000,1.28,1.015,-0.089,-0.073
1697563347390,2023-10-17T17:22:27.390000,1.36,1.019,-0.09,-0.021
1697563347470,2023-10-17T17:22:27.470000,1.44,0.976,-0.085,0.013
1697563347550,2023-10-17T17:22:27.550000,1.52,0.932,-0.078,0.109
1697563347630,2023-10-17T17:22:27.630000,1.6,0.994,-0.085,0.207
1697563347710,2023-10-17T17:22:27.710000,1.68,0.971,-0.069,0.191
1697563347790,2023-10-17T17:22:27.790000,1.76,0.973,-0.081,0.191
1697563347870,2023-10-17T17:22:27.870000,1.84,0.995,-0.118,0.211
1697563347950,2023-10-17T17:22:27.950000,1.92,0.977,-0.137,0.184
1697563348030,2023-10-17T17:22:28.030000,2.0,0.974,-0.125,0.194
1697563348110,2023-10-17T17:22:28.110000,2.08,0.972,-0.117,0.209
1697563348190,2023-10-17T17:22:28.190000,2.16,0.99,-0.13,0.206
1697563348270,2023-10-17T17:22:28.270000,2.24,0.976,-0.125,0.214
1697563348350,2023-10-17T17:22:28.350000,2.32,0.968,-0.092,0.19
1697563348430,2023-10-17T17:22:28.430000,2.4,0.982,-0.107,0.188
1697563348510,2023-10-17T17:22:28.510000,2.48,0.971,-0.141,0.209
1697563348590,2023-10-17T17:22:28.590000,2.56,0.992,-0.156,0.219
1697563348670,2023-10-17T17:22:28.670000,2.64,0.986,-0.147,0.208
1697563348750,2023-10-17T17:22:28.750000,2.72,0.973,-0.139,0.193
1697563348830,2023-10-17T17:22:28.830000,2.8,0.941,-0.313,0.189
1697563348910,2023-10-17T17:22:28.910000,2.88,0.931,-0.274,0.238
1697563348990,2023-10-17T17:22:28.990000,2.96,0.983,-0.104,0.31
1697563349070,2023-10-17T17:22:29.070000,3.04,0.946,-0.108,0.307
1697563349150,2023-10-17T17:22:29.150000,3.12,0.925,-0.155,0.351
1697563349230,2023-10-17T17:22:29.230000,3.2,0.94,-0.156,0.459
1697563349310,2023-10-17T17:22:29.310000,3.28,0.825,-0.078,0.403
1697563349390,2023-10-17T17:22:29.390000,3.36,0.792,-0.016,0.304
1697563349470,2023-10-17T17:22:29.470000,3.44,0.843,-0.024,0.345
1697563349550,2023-10-17T17:22:29.550000,3.52,0.82,-0.116,0.526
1697563349630,2023-10-17T17:22:29.630000,3.6,0.99,-0.344,0.738
1697563349710,2023-10-17T17:22:29.710000,3.68,0.865,-0.383,0.579
1697563349790,2023-10-17T17:22:29.790000,3.76,0.591,-0.347,0.583
1697563349870,2023-10-17T17:22:29.870000,3.84,0.666,-0.34,0.715
1697563349950,2023-10-17T17:22:29.950000,3.92,0.788,-0.286,0.618
1697563350030,2023-10-17T17:22:30.030000,4.0,0.743,-0.282,0.566
1697563350110,2023-10-17T17:22:30.110000,4.08,0.78,-0.356,0.616
1697563350190,2023-10-17T17:22:30.190000,4.16,0.703,-0.363,0.573
1697563350270,2023-10-17T17:22:30.270000,4.24,0.633,-0.383,0.606
1697563350350,2023-10-17T17:22:30.350000,4.32,0.708,-0.466,0.686
1697563350430,2023-10-17T17:22:30.430000,4.4,0.664,-0.474,0.622
1697563350510,2023-10-17T17:22:30.510000,4.48,0.7,-0.454,0.681
1697563350590,2023-10-17T17:22:30.590000,4.56,0.719,-0.437,0.654
1697563350670,2023-10-17T17:22:30.670000,4.64,0.545,-0.373,0.559
1697563350750,2023-10-17T17:22:30.750000,4.72,0.581,-0.347,0.59
1697563350830,2023-10-17T17:22:30.830000,4.8,0.869,-0.415,0.715
1697563350910,2023-10-17T17:22:30.910000,4.88,0.743,-0.416,0.611
1697563350990,2023-10-17T17:22:30.990000,4.96,0.517,-0.369,0.593
1697563351070,2023-10-17T17:22:31.070000,5.04,0.712,-0.422,0.707
1697563351150,2023-10-17T17:22:31.150000,5.12,0.744,-0.409,0.606
1697563351230,2023-10-17T17:22:31.230000,5.2,0.632,-0.4,0.602
1697563351310,2023-10-17T17:22:31.310000,5.28,0.668,-0.42,0.693
1697563351390,2023-10-17T17:22:31.390000,5.36,0.655,-0.398,0.645
1697563351470,2023-10-17T17:22:31.470000,5.44,0.677,-0.395,0.627
1697563351550,2023-10-17T17:22:31.550000,5.52,0.688,-0.395,0.636
1697563351630,2023-10-17T17:22:31.630000,5.6,0.678,-0.389,0.641
1697563351710,2023-10-17T17:22:31.710000,5.68,0.687,-0.387,0.632
1697563351790,2023-10-17T17:22:31.790000,5.76,0.697,-0.39,0.622
1697563351870,2023-10-17T17:22:31.870000,5.84,0.697,-0.388,0.625
1697563351950,2023-10-17T17:22:31.950000,5.92,0.688,-0.39,0.627
1697563352030,2023-10-17T17:22:32.030000,6.0,0.692,-0.393,0.624
1697563352110,2023-10-17T17:22:32.110000,6.08,0.695,-0.398,0.623
1697563352190,2023-10-17T17:22:32.190000,6.16,0.693,-0.397,0.623
1697563352270,2023-10-17T17:22:32.270000,6.24,0.693,-0.395,0.625
1697563352350,2023-10-17T17:22:32.350000,6.32,0.697,-0.398,0.625
1697563352430,2023-10-17T17:22:32.430000,6.4,0.691,-0.394,0.625
1697563352510,2023-10-17T17:22:32.510000,6.48,0.683,-0.382,0.627
1697563352590,2023-10-17T17:22:32.590000,6.56,0.697,-0.384,0.627
1697563352670,2023-10-17T17:22:32.670000,6.64,0.694,-0.386,0.625
1697563352750,2023-10-17T17:22:32.750000,6.72,0.687,-0.393,0.632
1697563352830,2023-10-17T17:22:32.830000,6.8,0.688,-0.389,0.631
1697563352910,2023-10-17T17:22:32.910000,6.88,0.694,-0.389,0.625
1697563352990,2023-10-17T17:22:32.990000,6.96,0.694,-0.388,0.626
1697563353070,2023-10-17T17:22:33.070000,7.04,0.689,-0.384,0.632
1697563353150,2023-10-17T17:22:33.150000,7.12,0.699,-0.382,0.624
1697563353230,2023-10-17T17:22:33.230000,7.2,0.696,-0.383,0.625
1697563353310,2023-10-17T17:22:33.310000,7.28,0.692,-0.383,0.631
1697563353390,2023-10-17T17:22:33.390000,7.36,0.694,-0.384,0.628
1697563353470,2023-10-17T17:22:33.470000,7.44,0.695,-0.386,0.627
1697563353550,2023-10-17T17:22:33.550000,7.52,0.692,-0.39,0.626
1697563353630,2023-10-17T17:22:33.630000,7.6,0.689,-0.383,0.631
1697563353710,2023-10-17T17:22:33.710000,7.68,0.699,-0.382,0.625
1697563353790,2023-10-17T17:22:33.790000,7.76,0.696,-0.378,0.628
1697563353870,2023-10-17T17:22:33.870000,7.84,0.699,-0.375,0.625
1697563353950,2023-10-17T17:22:33.950000,7.92,0.697,-0.383,0.629
1697563354030,2023-10-17T17:22:34.030000,8.0,0.692,-0.379,0.627
1697563354110,2023-10-17T17:22:34.110000,8.08,0.693,-0.391,0.628
1697563354190,2023-10-17T17:22:34.190000,8.16,0.693,-0.387,0.628
1697563354270,2023-10-17T17:22:34.270000,8.24,0.694,-0.378,0.632
1697563354350,2023-10-17T17:22:34.350000,8.32,0.702,-0.375,0.625
1697563354430,2023-10-17T17:22:34.430000,8.4,0.703,-0.373,0.625
1697563354510,2023-10-17T17:22:34.510000,8.48,0.695,-0.372,0.628
1697563354590,2023-10-17T17:22:34.590000,8.56,0.701,-0.373,0.628
1697563354670,2023-10-17T17:22:34.670000,8.64,0.696,-0.387,0.625
1697563354750,2023-10-17T17:22:34.750000,8.72,0.684,-0.388,0.639
1697563354830,2023-10-17T17:22:34.830000,8.8,0.692,-0.384,0.628
1697563354910,2023-10-17T17:22:34.910000,8.88,0.693,-0.383,0.632
1697563354990,2023-10-17T17:22:34.990000,8.96,0.691,-0.378,0.634
1697563355070,2023-10-17T17:22:35.070000,9.04,0.695,-0.373,0.631
1697563355150,2023-10-17T17:22:35.150000,9.12,0.712,-0.366,0.624
1697563355230,2023-10-17T17:22:35.230000,9.2,0.707,-0.365,0.614
1697563355310,2023-10-17T17:22:35.310000,9.28,0.688,-0.397,0.628
1697563355390,2023-10-17T17:22:35.390000,9.36,0.688,-0.392,0.642
1697563355470,2023-10-17T17:22:35.470000,9.44,0.68,-0.395,0.644
1697563355550,2023-10-17T17:22:35.550000,9.52,0.704,-0.39,0.636
1697563355630,2023-10-17T17:22:35.630000,9.6,0.672,-0.376,0.631
1697563355710,2023-10-17T17:22:35.710000,9.68,0.676,-0.376,0.639
1697563355790,2023-10-17T17:22:35.790000,9.76,0.691,-0.368,0.64
1697563355870,2023-10-17T17:22:35.870000,9.84,0.702,-0.364,0.627
1697563355950,2023-10-17T17:22:35.950000,9.92,0.703,-0.375,0.634
1697563356030,2023-10-17T17:22:36.030000,10.0,0.695,-0.371,0.635
1697563356110,2023-10-17T17:22:36.110000,10.08,0.691,-0.372,0.632
1697563356190,2023-10-17T17:22:36.190000,10.16,0.713,-0.377,0.639
1697563356270,2023-10-17T17:22:36.270000,10.24,0.751,-0.369,0.64
1697563356350,2023-10-17T17:22:36.350000,10.32,0.677,-0.338,0.613
1697563356430,2023-10-17T17:22:36.430000,10.4,0.69,-0.349,0.647
1697563356510,2023-10-17T17:22:36.510000,10.48,0.713,-0.357,0.661
1697563356590,2023-10-17T17:22:36.590000,10.56,0.69,-0.333,0.646
1697563356670,2023-10-17T17:22:36.670000,10.64,0.673,-0.314,0.64
1697563356750,2023-10-17T17:22:36.750000,10.72,0.679,-0.31,0.653
1697563356830,2023-10-17T17:22:36.830000,10.8,0.67,-0.317,0.653
1697563356910,2023-10-17T17:22:36.910000,10.88,0.689,-0.348,0.658
1697563356990,2023-10-17T17:22:36.990000,10.96,0.744,-0.34,0.612
1697563357070,2023-10-17T17:22:37.070000,11.04,0.769,-0.327,0.53
1697563357150,2023-10-17T17:22:37.150000,11.12,0.853,-0.303,0.338
1697563357230,2023-10-17T17:22:37.230000,11.2,0.928,-0.284,0.112
1697563357310,2023-10-17T17:22:37.310000,11.28,0.986,-0.295,-0.01
1697563357390,2023-10-17T17:22:37.390000,11.36,0.979,-0.366,-0.018
1697563357470,2023-10-17T17:22:37.470000,11.44,0.971,-0.34,-0.061
1697563357550,2023-10-17T17:22:37.550000,11.52,0.947,-0.282,-0.247
1697563357630,2023-10-17T17:22:37.630000,11.6,1.012,-0.336,-0.16
1697563357710,2023-10-17T17:22:37.710000,11.68,0.974,-0.31,-0.086
1697563357790,2023-10-17T17:22:37.790000,11.76,0.948,-0.288,-0.041
1697563357870,2023-10-17T17:22:37.870000,11.84,0.918,-0.27,-0.025
1697563357950,2023-10-17T17:22:37.950000,11.92,0.997,-0.313,-0.019
1697563358030,2023-10-17T17:22:38.030000,12.0,0.954,-0.309,-0.058
1697563358110,2023-10-17T17:22:38.110000,12.08,0.928,-0.29,-0.116
1697563358190,2023-10-17T17:22:38.190000,12.16,0.932,-0.294,-0.2
1697563358270,2023-10-17T17:22:38.270000,12.24,0.942,-0.291,-0.28
1697563358350,2023-10-17T17:22:38.350000,12.32,0.944,-0.282,-0.335
1697563358430,2023-10-17T17:22:38.430000,12.4,0.909,-0.276,-0.36
1697563358510,2023-10-17T17:22:38.510000,12.48,0.916,-0.283,-0.304
1697563358590,2023-10-17T17:22:38.590000,12.56,0.929,-0.283,-0.282
1697563358670,2023-10-17T17:22:38.670000,12.64,0.929,-0.271,-0.293
1697563358750,2023-10-17T17:22:38.750000,12.72,0.946,-0.286,-0.274
1697563358830,2023-10-17T17:22:38.830000,12.8,0.952,-0.279,-0.258
1697563358910,2023-10-17T17:22:38.910000,12.88,0.938,-0.261,-0.245
1697563358990,2023-10-17T17:22:38.990000,12.96,0.97,-0.247,-0.208
1697563359070,2023-10-17T17:22:39.070000,13.04,0.98,-0.222,-0.188
1697563359150,2023-10-17T17:22:39.150000,13.12,0.995,-0.173,-0.198
1697563359230,2023-10-17T17:22:39.230000,13.2,0.936,-0.154,-0.178
1697563359310,2023-10-17T17:22:39.310000,13.28,0.932,-0.149,-0.166
1697563359390,2023-10-17T17:22:39.390000,13.36,0.96,-0.121,-0.168
1697563359470,2023-10-17T17:22:39.470000,13.44,1.005,-0.11,-0.148
1697563359550,2023-10-17T17:22:39.550000,13.52,1.016,-0.126,-0.147
1697563359630,2023-10-17T17:22:39.630000,13.6,0.959,-0.139,-0.167
1697563359710,2023-10-17T17:22:39.710000,13.68,0.986,-0.114,-0.167
1697563359790,2023-10-17T17:22:39.790000,13.76,1.007,-0.093,-0.171
1697563359870,2023-10-17T17:22:39.870000,13.84,0.988,-0.101,-0.165
1697563359950,2023-10-17T17:22:39.950000,13.92,0.978,-0.114,-0.166
1697563360030,2023-10-17T17:22:40.030000,14.0,1.038,-0.108,-0.117
1697563360110,2023-10-17T17:22:40.110000,14.08,0.968,-0.07,-0.084
1697563360190,2023-10-17T17:22:40.190000,14.16,1.03,-0.092,0.007
1697563360270,2023-10-17T17:22:40.270000,14.24,0.957,-0.133,0.112
1697563360350,2023-10-17T17:22:40.350000,14.32,1.028,-0.208,0.202
1697563360430,2023-10-17T17:22:40.430000,14.4,0.948,-0.265,0.315
1697563360510,2023-10-17T17:22:40.510000,14.48,0.773,-0.212,0.1
1697563360590,2023-10-17T17:22:40.590000,14.56,0.794,-0.109,-0.158
1697563360670,2023-10-17T17:22:40.670000,14.64,0.904,-0.217,-0.09
1697563360750,2023-10-17T17:22:40.750000,14.72,0.927,-0.388,-0.005
1697563360830,2023-10-17T17:22:40.830000,14.8,0.992,-0.537,0.108
1697563360910,2023-10-17T17:22:40.910000,14.88,0.812,-0.622,0.177
1697563360990,2023-10-17T17:22:40.990000,14.96,0.736,-0.778,0.238
1697563361070,2023-10-17T17:22:41.070000,15.04,0.636,-0.928,0.355
1697563361150,2023-10-17T17:22:41.150000,15.12,0.51,-0.937,0.333
1697563361230,2023-10-17T17:22:41.230000,15.2,0.212,-0.964,0.382
1697563361310,2023-10-17T17:22:41.310000,15.28,0.189,-0.952,0.477
1697563361390,2023-10-17T17:22:41.390000,15.36,0.298,-0.92,0.472
1697563361470,2023-10-17T17:22:41.470000,15.44,0.29,-0.913,0.425
1697563361550,2023-10-17T17:22:41.550000,15.52,0.279,-0.942,0.395
1697563361630,2023-10-17T17:22:41.630000,15.6,0.264,-0.903,0.334
1697563361710,2023-10-17T17:22:41.710000,15.68,0.274,-0.896,0.317
1697563361790,2023-10-17T17:22:41.790000,15.76,0.265,-0.903,0.282
1697563361870,2023-10-17T17:22:41.870000,15.84,0.188,-0.978,0.283
1697563361950,2023-10-17T17:22:41.950000,15.92,0.252,-0.955,0.396
1697563362030,2023-10-17T17:22:42.030000,16.0,0.324,-0.869,0.413
1697563362110,2023-10-17T17:22:42.110000,16.08,0.364,-0.867,0.343
1697563362190,2023-10-17T17:22:42.190000,16.16,0.329,-0.933,0.328
1697563362270,2023-10-17T17:22:42.270000,16.24,0.323,-0.948,0.389
1697563362350,2023-10-17T17:22:42.350000,16.32,0.313,-0.943,0.368
1697563362430,2023-10-17T17:22:42.430000,16.4,0.296,-0.922,0.319
1697563362510,2023-10-17T17:22:42.510000,16.48,0.27,-0.924,0.287
1697563362590,2023-10-17T17:22:42.590000,16.56,0.27,-0.943,0.304
1697563362670,2023-10-17T17:22:42.670000,16.64,0.361,-0.957,0.321
1697563362750,2023-10-17T17:22:42.750000,16.72,0.026,-0.902,0.367
1697563362830,2023-10-17T17:22:42.830000,16.8,0.378,-0.934,0.373
1697563362910,2023-10-17T17:22:42.910000,16.88,0.402,-0.951,0.267
1697563362990,2023-10-17T17:22:42.990000,16.96,0.324,-0.93,0.258
1697563363070,2023-10-17T17:22:43.070000,17.04,0.276,-0.917,0.288
1697563363150,2023-10-17T17:22:43.150000,17.12,0.186,-0.938,0.405
1697563363230,2023-10-17T17:22:43.230000,17.2,0.267,-0.938,0.365
1697563363310,2023-10-17T17:22:43.310000,17.28,0.367,-0.938,0.246
1697563363390,2023-10-17T17:22:43.390000,17.36,0.317,-0.912,0.272
1697563363470,2023-10-17T17:22:43.470000,17.44,0.316,-0.909,0.309
1697563363550,2023-10-17T17:22:43.550000,17.52,0.292,-0.934,0.362
1697563363630,2023-10-17T17:22:43.630000,17.6,0.3,-0.956,0.369
1697563363710,2023-10-17T17:22:43.710000,17.68,0.304,-0.946,0.316
1697563363790,2023-10-17T17:22:43.790000,17.76,0.293,-0.934,0.274
1697563363870,2023-10-17T17:22:43.870000,17.84,0.28,-0.933,0.284
1697563363950,2023-10-17T17:22:43.950000,17.92,0.279,-0.931,0.295
1697563364030,2023-10-17T17:22:44.030000,18.0,0.29,-0.939,0.317
1697563364110,2023-10-17T17:22:44.110000,18.08,0.288,-0.936,0.328
1697563364190,2023-10-17T17:22:44.190000,18.16,0.287,-0.932,0.332
1697563364270,2023-10-17T17:22:44.270000,18.24,0.288,-0.93,0.337
1697563364350,2023-10-17T17:22:44.350000,18.32,0.293,-0.931,0.349
1697563364430,2023-10-17T17:22:44.430000,18.4,0.282,-0.93,0.371
1697563364510,2023-10-17T17:22:44.510000,18.48,0.265,-0.919,0.407
1697563364590,2023-10-17T17:22:44.590000,18.56,0.264,-0.908,0.472
1697563364670,2023-10-17T17:22:44.670000,18.64,0.297,-0.907,0.523
1697563364750,2023-10-17T17:22:44.750000,18.72,0.377,-0.909,0.542
1697563364830,2023-10-17T17:22:44.830000,18.8,0.468,-0.88,0.556
1697563364910,2023-10-17T17:22:44.910000,18.88,0.625,-0.817,0.456
1697563364990,2023-10-17T17:22:44.990000,18.96,0.758,-0.737,0.321
1697563365070,2023-10-17T17:22:45.070000,19.04,0.72,-0.646,0.318
1697563365150,2023-10-17T17:22:45.150000,19.12,0.727,-0.553,0.311
1697563365230,2023-10-17T17:22:45.230000,19.2,0.762,-0.425,0.291
1697563365310,2023-10-17T17:22:45.310000,19.28,0.735,-0.371,0.382
1697563365390,2023-10-17T17:22:45.390000,19.36,0.758,-0.307,0.38
1697563365470,2023-10-17T17:22:45.470000,19.44,0.752,-0.293,0.39
1697563365550,2023-10-17T17:22:45.550000,19.52,0.78,-0.302,0.395
1697563365630,2023-10-17T17:22:45.630000,19.6,0.875,-0.311,0.276
1697563365710,2023-10-17T17:22:45.710000,19.68,1.033,-0.345,0.121
1697563365790,2023-10-17T17:22:45.790000,19.76,0.951,-0.235,0.107
1697563365870,2023-10-17T17:22:45.870000,19.84,0.94,-0.188,-0.0
1697563365950,2023-10-17T17:22:45.950000,19.92,1.041,-0.192,-0.289
1697563366030,2023-10-17T17:22:46.030000,20.0,0.971,-0.179,-0.416
1697563366110,2023-10-17T17:22:46.110000,20.08,0.952,-0.178,-0.342
1697563366190,2023-10-17T17:22:46.190000,20.16,0.953,-0.243,-0.294
1697563366270,2023-10-17T17:22:46.270000,20.24,0.871,-0.316,-0.224
1697563366350,2023-10-17T17:22:46.350000,20.32,0.995,-0.308,-0.164
1697563366430,2023-10-17T17:22:46.430000,20.4,0.97,-0.271,-0.154
1697563366510,2023-10-17T17:22:46.510000,20.48,0.955,-0.257,-0.183
1697563366590,2023-10-17T17:22:46.590000,20.56,0.956,-0.269,-0.157
1697563366670,2023-10-17T17:22:46.670000,20.64,0.976,-0.271,-0.115
1697563366750,2023-10-17T17:22:46.750000,20.72,0.99,-0.266,-0.073
1697563366830,2023-10-17T17:22:46.830000,20.8,0.956,-0.246,-0.067
1697563366910,2023-10-17T17:22:46.910000,20.88,0.972,-0.231,-0.061
1697563366990,2023-10-17T17:22:46.990000,20.96,0.989,-0.227,-0.057
1697563367070,2023-10-17T17:22:47.070000,21.04,0.976,-0.218,-0.065
1697563367150,2023-10-17T17:22:47.150000,21.12,0.988,-0.215,-0.054
1697563367230,2023-10-17T17:22:47.230000,21.2,0.976,-0.225,-0.053
1697563367310,2023-10-17T17:22:47.310000,21.28,0.973,-0.221,-0.05
1697563367390,2023-10-17T17:22:47.390000,21.36,0.965,-0.207,-0.067
1697563367470,2023-10-17T17:22:47.470000,21.44,0.975,-0.228,-0.047
1697563367550,2023-10-17T17:22:47.550000,21.52,0.981,-0.257,-0.015
1697563367630,2023-10-17T17:22:47.630000,21.6,0.979,-0.255,-0.002
1697563367710,2023-10-17T17:22:47.710000,21.68,0.977,-0.234,-0.016
1697563367790,2023-10-17T17:22:47.790000,21.76,0.988,-0.229,-0.037
1697563367870,2023-10-17T17:22:47.870000,21.84,0.98,-0.219,-0.04
1697563367950,2023-10-17T17:22:47.950000,21.92,0.975,-0.209,-0.033
1697563368030,2023-10-17T17:22:48.030000,22.0,0.983,-0.209,-0.041
1697563368110,2023-10-17T17:22:48.110000,22.08,0.987,-0.21,-0.045
1697563368190,2023-10-17T17:22:48.190000,22.16,0.983,-0.22,-0.031
1697563368270,2023-10-17T17:22:48.270000,22.24,0.979,-0.232,-0.019
1697563368350,2023-10-17T17:22:48.350000,22.32,0.978,-0.239,-0.014
1697563368430,2023-10-17T17:22:48.430000,22.4,0.977,-0.237,-0.016
1697563368510,2023-10-17T17:22:48.510000,22.48,0.975,-0.235,-0.016
1697563368590,2023-10-17T17:22:48.590000,22.56,0.984,-0.236,-0.022
1697563368670,2023-10-17T17:22:48.670000,22.64,0.986,-0.242,-0.022
1697563368750,2023-10-17T17:22:48.750000,22.72,0.976,-0.235,-0.022
1697563368830,2023-10-17T17:22:48.830000,22.8,0.976,-0.229,-0.017
1697563368910,2023-10-17T17:22:48.910000,22.88,0.983,-0.225,-0.005
1697563368990,2023-10-17T17:22:48.990000,22.96,0.988,-0.232,0.009
1697563369070,2023-10-17T17:22:49.070000,23.04,0.979,-0.232,-0.006
1697563369150,2023-10-17T17:22:49.150000,23.12,0.983,-0.243,0.013
1697563369230,2023-10-17T17:22:49.230000,23.2,0.996,-0.236,-0.007
1697563369310,2023-10-17T17:22:49.310000,23.28,0.973,-0.224,-0.013
1697563369390,2023-10-17T17:22:49.390000,23.36,0.989,-0.224,0.006
1697563369470,2023-10-17T17:22:49.470000,23.44,1.044,-0.232,0.054
1697563369550,2023-10-17T17:22:49.550000,23.52,1.075,-0.203,0.094
1697563369630,2023-10-17T17:22:49.630000,23.6,1.303,-0.148,0.08
1697563369710,2023-10-17T17:22:49.710000,23.68,1.522,0.011,-0.072
1697563369790,2023-10-17T17:22:49.790000,23.76,1.266,0.227,-0.012
1697563369870,2023-10-17T17:22:49.870000,23.84,0.867,0.338,0.161
1697563369950,2023-10-17T17:22:49.950000,23.92,0.548,0.443,0.202
1697563370030,2023-10-17T17:22:50.030000,24.0,0.424,0.478,0.306
1697563370110,2023-10-17T17:22:50.110000,24.08,0.28,0.555,0.369
1697563370190,2023-10-17T17:22:50.190000,24.16,0.098,0.662,0.301
1697563370270,2023-10-17T17:22:50.270000,24.24,0.07,0.738,0.294
1697563370350,2023-10-17T17:22:50.350000,24.32,0.185,0.857,0.415
1697563370430,2023-10-17T17:22:50.430000,24.4,0.274,0.881,0.366
1697563370510,2023-10-17T17:22:50.510000,24.48,0.276,0.766,0.26
1697563370590,2023-10-17T17:22:50.590000,24.56,0.339,0.764,0.146
1697563370670,2023-10-17T17:22:50.670000,24.64,0.475,0.855,0.21
1697563370750,2023-10-17T17:22:50.750000,24.72,0.602,0.928,0.275
1697563370830,2023-10-17T17:22:50.830000,24.8,0.604,0.894,0.189
1697563370910,2023-10-17T17:22:50.910000,24.88,0.494,0.793,0.214
1697563370990,2023-10-17T17:22:50.990000,24.96,0.503,0.823,0.203
1697563371070,2023-10-17T17:22:51.070000,25.04,0.568,0.852,0.232
1697563371150,2023-10-17T17:22:51.150000,25.12,0.491,0.871,0.295
1697563371230,2023-10-17T17:22:51.230000,25.2,0.349,0.786,0.388
1697563371310,2023-10-17T17:22:51.310000,25.28,0.383,0.677,0.407
1697563371390,2023-10-17T17:22:51.390000,25.36,0.381,0.713,0.457
1697563371470,2023-10-17T17:22:51.470000,25.44,0.394,0.833,0.398
1697563371550,2023-10-17T17:22:51.550000,25.52,0.363,0.832,0.456
1697563371630,2023-10-17T17:22:51.630000,25.6,0.298,0.821,0.411
1697563371710,2023-10-17T17:22:51.710000,25.68,0.297,0.792,0.492
1697563371790,2023-10-17T17:22:51.790000,25.76,0.272,0.817,0.351
1697563371870,2023-10-17T17:22:51.870000,25.84,0.382,0.794,0.325
1697563371950,2023-10-17T17:22:51.950000,25.92,0.393,0.704,0.42
1697563372030,2023-10-17T17:22:52.030000,26.0,0.573,0.57,0.514
1697563372110,2023-10-17T17:22:52.110000,26.08,0.27,0.615,0.252
1697563372190,2023-10-17T17:22:52.190000,26.16,0.271,0.556,0.204
1697563372270,2023-10-17T17:22:52.270000,26.24,0.596,0.369,0.28
1697563372350,2023-10-17T17:22:52.350000,26.32,0.893,0.175,0.243
1697563372430,2023-10-17T17:22:52.430000,26.4,1.335,-0.022,0.337
1697563372510,2023-10-17T17:22:52.510000,26.48,1.374,-0.128,0.34
1697563372590,2023-10-17T17:22:52.590000,26.56,1.21,-0.129,0.34
1697563372670,2023-10-17T17:22:52.670000,26.64,1.016,-0.198,0.035
1697563372750,2023-10-17T17:22:52.750000,26.72,1.035,-0.277,-0.147
1697563372830,2023-10-17T17:22:52.830000,26.8,1.055,-0.313,-0.146
1697563372910,2023-10-17T17:22:52.910000,26.88,0.871,-0.286,0.063
1697563372990,2023-10-17T17:22:52.990000,26.96,1.019,-0.219,0.021
1697563373070,2023-10-17T17:22:53.070000,27.04,0.972,-0.257,0.032
1697563373150,2023-10-17T17:22:53.150000,27.12,0.935,-0.302,0.077
1697563373230,2023-10-17T17:22:53.230000,27.2,0.984,-0.307,0.021
1697563373310,2023-10-17T17:22:53.310000,27.28,0.99,-0.28,-0.045
1697563373390,2023-10-17T17:22:53.390000,27.36,0.939,-0.264,-0.057
1697563373470,2023-10-17T17:22:53.470000,27.44,0.978,-0.269,-0.153
1697563373550,2023-10-17T17:22:53.550000,27.52,0.967,-0.281,-0.174
1697563373630,2023-10-17T17:22:53.630000,27.6,0.961,-0.263,-0.164
1697563373710,2023-10-17T17:22:53.710000,27.68,0.979,-0.287,-0.112
1697563373790,2023-10-17T17:22:53.790000,27.76,0.983,-0.27,-0.11
1697563373870,2023-10-17T17:22:53.870000,27.84,0.949,-0.257,-0.077
1697563373950,2023-10-17T17:22:53.950000,27.92,0.958,-0.255,-0.042
1697563374030,2023-10-17T17:22:54.030000,28.0,0.94,-0.265,-0.041
1697563374110,2023-10-17T17:22:54.110000,28.08,0.99,-0.285,-0.045
1697563374190,2023-10-17T17:22:54.190000,28.16,1.01,-0.288,-0.053
1697563374270,2023-10-17T17:22:54.270000,28.24,0.97,-0.285,-0.032
1697563374350,2023-10-17T17:22:54.350000,28.32,0.921,-0.283,-0.017
1697563374430,2023-10-17T17:22:54.430000,28.4,0.947,-0.273,-0.015
1697563374510,2023-10-17T17:22:54.510000,28.48,1.015,-0.273,-0.035
1697563374590,2023-10-17T17:22:54.590000,28.56,1.001,-0.27,-0.026
1697563374670,2023-10-17T17:22:54.670000,28.64,0.917,-0.246,0.013
1697563374750,2023-10-17T17:22:54.750000,28.72,0.959,-0.231,0.002
1697563374830,2023-10-17T17:22:54.830000,28.8,0.984,-0.25,0.001
1697563374910,2023-10-17T17:22:54.910000,28.88,0.976,-0.268,0.03
1697563374990,2023-10-17T17:22:54.990000,28.96,0.975,-0.271,0.025
1697563375070,2023-10-17T17:22:55.070000,29.04,0.975,-0.259,0.019
1697563375150,2023-10-17T17:22:55.150000,29.12,0.978,-0.255,0.019
1697563375230,2023-10-17T17:22:55.230000,29.2,0.997,-0.262,0.019
1697563375310,2023-10-17T17:22:55.310000,29.28,0.962,-0.261,0.035
1697563375390,2023-10-17T17:22:55.390000,29.36,0.951,-0.252,0.045
1697563375470,2023-10-17T17:22:55.470000,29.44,0.98,-0.247,0.037
1697563375550,2023-10-17T17:22:55.550000,29.52,0.983,-0.253,0.036
1697563375630,2023-10-17T17:22:55.630000,29.6,0.98,-0.257,0.052
1697563375710,2023-10-17T17:22:55.710000,29.68,0.959,-0.257,0.05
1697563375790,2023-10-17T17:22:55.790000,29.76,0.976,-0.253,0.051
1697563375870,2023-10-17T17:22:55.870000,29.84,0.982,-0.253,0.056
1697563375950,2023-10-17T17:22:55.950000,29.92,0.959,-0.257,0.058
1697563376030,2023-10-17T17:22:56.030000,30.0,0.976,-0.255,0.058
1697563376110,2023-10-17T17:22:56.110000,30.08,0.976,-0.251,0.06
1697563376190,2023-10-17T17:22:56.190000,30.16,0.969,-0.253,0.058
1697563376270,2023-10-17T17:22:56.270000,30.24,0.973,-0.254,0.063
1697563376350,2023-10-17T17:22:56.350000,30.32,0.979,-0.253,0.059
1697563376430,2023-10-17T17:22:56.430000,30.4,0.972,-0.255,0.056
1697563376510,2023-10-17T17:22:56.510000,30.48,0.964,-0.253,0.064
1697563376590,2023-10-17T17:22:56.590000,30.56,0.976,-0.251,0.064
1697563376670,2023-10-17T17:22:56.670000,30.64,0.973,-0.25,0.06
1697563376750,2023-10-17T17:22:56.750000,30.72,0.973,-0.25,0.065
1697563376830,2023-10-17T17:22:56.830000,30.8,0.976,-0.259,0.068
1697563376910,2023-10-17T17:22:56.910000,30.88,0.961,-0.262,0.076
1697563376990,2023-10-17T17:22:56.990000,30.96,0.977,-0.258,0.095
1697563377070,2023-10-17T17:22:57.070000,31.04,0.968,-0.266,0.076
1697563377150,2023-10-17T17:22:57.150000,31.12,0.974,-0.26,0.067
1697563377230,2023-10-17T17:22:57.230000,31.2,0.97,-0.263,0.09
1697563377310,2023-10-17T17:22:57.310000,31.28,0.958,-0.26,0.097
1697563377390,2023-10-17T17:22:57.390000,31.36,0.978,-0.262,0.066
1697563377470,2023-10-17T17:22:57.470000,31.44,0.969,-0.265,0.074
1697563377550,2023-10-17T17:22:57.550000,31.52,0.971,-0.263,0.087
1697563377630,2023-10-17T17:22:57.630000,31.6,0.962,-0.261,0.082
1697563377710,2023-10-17T17:22:57.710000,31.68,0.967,-0.262,0.075
1697563377790,2023-10-17T17:22:57.790000,31.76,0.969,-0.263,0.077
1697563377870,2023-10-17T17:22:57.870000,31.84,0.978,-0.264,0.086
1697563377950,2023-10-17T17:22:57.950000,31.92,0.979,-0.257,0.069
1697563378030,2023-10-17T17:22:58.030000,32.0,0.966,-0.262,0.078
1697563378110,2023-10-17T17:22:58.110000,32.08,0.975,-0.264,0.083
1697563378190,2023-10-17T17:22:58.190000,32.16,0.997,-0.242,0.045
1697563378270,2023-10-17T17:22:58.270000,32.24,0.966,-0.224,0.027
1697563378350,2023-10-17T17:22:58.350000,32.32,0.959,-0.226,0.049
1697563378430,2023-10-17T17:22:58.430000,32.4,0.987,-0.227,0.054
1697563378510,2023-10-17T17:22:58.510000,32.48,0.984,-0.225,0.049
1697563378590,2023-10-17T17:22:58.590000,32.56,0.979,-0.219,0.042
1697563378670,2023-10-17T17:22:58.670000,32.64,0.98,-0.228,0.061
1697563378750,2023-10-17T17:22:58.750000,32.72,0.976,-0.231,0.084
1697563378830,2023-10-17T17:22:58.830000,32.8,0.977,-0.225,0.089
1697563378910,2023-10-17T17:22:58.910000,32.88,0.983,-0.223,0.082
1697563378990,2023-10-17T17:22:58.990000,32.96,0.99,-0.222,0.06
1697563379070,2023-10-17T17:22:59.070000,33.04,0.997,-0.219,0.085
1697563379150,2023-10-17T17:22:59.150000,33.12,1.016,-0.23,0.146
1697563379230,2023-10-17T17:22:59.230000,33.2,1.03,-0.242,0.149
1697563379310,2023-10-17T17:22:59.310000,33.28,1.013,-0.259,0.171
1697563379390,2023-10-17T17:22:59.390000,33.36,0.939,-0.231,0.129
1697563379470,2023-10-17T17:22:59.470000,33.44,0.892,-0.219,0.147
1697563379550,2023-10-17T17:22:59.550000,33.52,0.688,-0.211,0.188
1697563379630,2023-10-17T17:22:59.630000,33.6,0.67,-0.265,0.115
